Keyword,Position,Previous position,Search Volume,Keyword Difficulty,CPC,URL,Traffic,Traffic (%),Traffic Cost,Competition,Number of Results,Trends,Timestamp,SERP Features by Keyword,Keyword Intents,Position Type
best seo tools,3,5,18100,65,12.5,https://example.com/seo-tools,5430,30,67875,0.8,45600000,Stable,2024-07-25,Featured snippet,Commercial,Regular
keyword research tool,7,9,14800,58,8.9,https://example.com/keyword-tool,2072,14,13172,0.75,39200000,Increasing,2024-07-25,People also ask,Commercial,Regular
content marketing strategy,12,15,9900,72,15.2,https://example.com/content-strategy,990,10,15048,0.85,28700000,Stable,2024-07-25,Featured snippet,Informational,Regular
backlink checker,2,2,22100,78,11.3,https://example.com/backlink-checker,11050,50,24973,0.9,34100000,Increasing,2024-07-25,Sitelinks,Commercial,Regular
seo audit,5,7,12100,69,18.5,https://example.com/seo-audit,3630,30,22405,0.82,29800000,Stable,2024-07-25,Featured snippet,Commercial,Regular
digital marketing course,8,6,18500,45,25.8,https://example.com/digital-marketing-course,2775,15,47790,0.7,52300000,Increasing,2024-07-25,Video,Commercial,Regular
local seo services,1,1,6700,52,45.2,https://example.com/local-seo,5360,80,30284,0.65,18900000,Stable,2024-07-25,Local pack,Commercial,Regular
technical seo checklist,15,18,5400,61,9.8,https://example.com/technical-seo,540,10,5292,0.78,12500000,Stable,2024-07-25,Featured snippet,Informational,Regular
link building strategies,4,3,12800,75,14.6,https://example.com/link-building,5120,40,18688,0.88,45600000,Increasing,2024-07-25,People also ask,Commercial,Regular
on page seo,6,8,16200,68,12.4,https://example.com/on-page-seo,3240,20,20088,0.8,39800000,Stable,2024-07-25,Featured snippet,Informational,Regular
